Brand,Street Address,City,State,Zip
Accuracy International,410 Shannon Park Dr,Fredericksburg,VA,22408
CZ (Ceska Zbrojovka),PO Box 171073,Kansas City,KS,66117
AAC (Advanced Armament Corporation),"5021 Bradford Drive NW, Suite A",Huntsville,AL,35805
Aero Precision,2338 Holgate Street,Tacoma,WA,98402
Anderson Manufacturing,1743 Anderson Blvd,Hebron,KY,41048
ArmaLite,PO Box 299,Geneseo,IL,61254
Arsenal,4395 W Post Rd #100.,Las Vegas,NV,89118
Barrett,PO Box 1077,Murfreesboro,TN,37133
BCM (Bravo Company Manufacturing),PO Box 361,Hartland,WI,53029
Benelli,17603 Indian Head Hwy,Accokeek,MD,20607
Beretta,17601 Beretta Drive,Accokeek,MD,20607
B&T,4532 W. Kennedy Blvd,Tampa,FL,33619
Canik,309 SANSBURYS WAY SUITE 100,West Palm Beach,FL,33411
Century International Arms,430 S Congress Ave. Ste 1,Delray Beach,FL,33445
Colt,545 New Park Avenue,West Hartford,CT,06110
Daniel Defense,101 Warfighter Way,Black Creek,GA,31308
Desert Tech,1995 W Alexander St,West Valley City,UT,84119
DPMS (Panther Arms),3850 Fernandina Road,Columbia,SC,29210
FN,797 Old Clemson Road,Columbia,SC,29229
Glock,6000 Highlands Parkway SE,Smyrna,GA,30082
H&K (Heckler & Koch),5675 Transport Boulevard,Columbus,GA,31907
IWI (Israel Weapon Industries),1485 Mountain Road,Andersonville,TN,37705
Kalashnikov USA,3901 NE 12th Ave #400,Pompano Beach,FL,33064
Kel-Tec,1505 Cox Rd,Cocoa,FL,32926
LMT (Lewis Machine & Tool Company),1600 E. Leonard Ct,Eldridge,IA,52748
LWRC International,815 Chesapeake Drive,Cambridge,MD,21613
Mossberg,7 Grasso Avenue,North Haven,CT,06473
Noveske Rifleworks,594 NE E St,Grants Pass,OR,97526
Otter Creek Labs,1545 Hawk Creek Rd,London,KY,40741
PSA (Palmetto State Armory),3760 Fernandina Rd,Columbia,SC,29210
POF (Patriot Ordnance Factory),1492 W. Victory Lane,Phoenix,AZ,85027
Remington,870 Remington Dr,Madison,NC,27025
Ruger,1 Lacey Place,Southport,CT,06890
S&W (Smith & Wesson),2100 Roosevelt Avenue,Springfield,MA,01104
Sig Sauer,72 Pease Boulevard,Newington,NH,03801
Springfield,650 Weber Dr,Geneseo,IL,61254
Staccato,1223 CR 233,Florence,TX,76527
Stag Arms,7052 Commerce Circle,Cheyenne,WY,82007
Steyr,2530 Morgan Road,Bessemer,AL,35022
Surefire,18300 Mount Baldy Circle,Fountain Valley,CA,92708
Tisas,114 Sherlake Ln #18,Knoxville,TN,37922
Walther,7700 Chad Colley Blvd,Fort Smith,AR,72916
Wilson Combat,2452 CR 719.,Berryville,AR,72616
Winchester,3005 Arnold Tenbrook Road,Arnold,MO,63010
Zastava,"55 Bradrock Dr, Ste B",Des Plaines,IL,60018
Zenith,0517 Critzers Shop Road,Afton,VA,22920
SilencerCo,5511 S 6055 W,West Valley City,UT,84118
Huxwrx,280West Central Ave,Millcreek,UT,84107
Dead Air,2206 W 3000 S UNIT B,HEBER CITY,UT,84032
Q,110 Venture Dr,Dover,NH,03820
Rugged,1 Tungsten Trl,Travelers Rest,SC,29690
YHM (Yankee Hill Machine Co),412 Main St,Easthampton,MA,01027
TBAC (Thunder Beast Arms Corporation),8214 HUTCHINS DR,CHEYENNE,WY,82007
CAT (Combat Application Technologies),206 FLETCHER RD,ARTESIA,NM,88210
Geissele Automatics,800 North Wales Road,North Wales,PA,19454